名字,数量,名字,数量,名字,数量,名字,数量,名字,数量,名字,数量
元宝福袋,1,书页,2,符石碎片,2,元宝福袋,2,书页,5,符石碎片,5
点卡福袋,1,星辰石[中],1,经验丹[中],1,点卡福袋,2,星辰石[大],1,祖玛头像,1
星辰石[小],2,超级祝福油,1,春暖花开叶,1,星辰石[小],5,超级祝福油,1,经验丹[大],1
斗笠碎片,5,经验丹[小],1,灵魂收割者,1,星辰石[中],5,经验丹[中],1,经验丹[大],1
盾牌碎片,5,洗练石,3,玉佛降魔杵,1,斗笠碎片,10,洗练石,10,经验丹[超],1
鲜花碎片,5,暗光屠龙,1,,,盾牌碎片,10,春暖花开叶,1,耀金破斩,1
佩饰碎片,5,红魔法杖,1,,,鲜花碎片,10,灵魂收割者,1,耀光寒冰刃,1
修复油,1,翡翠幽风,1,,,佩饰碎片,10,玉佛降魔杵,1,耀玉青龙刀,1
刷新卷,5,灭魂鬼斩,1,,,祝福油,1,玉佩+9,1,魅影之刃,1
红名清洗,1,斩神银龙,1,,,红名清洗,1,传音喇叭,1,火龙魔杖,1
祝福油,1,天界无极,1,,,玉佩+8,1,斗笠+9,1,大道七彩,1
斗笠+6,1,斗笠+7,1,,,爱情鲜花+8,1,盾牌+9,1,祖玛头像,1
爱情鲜花+6,1,斗笠+8,1,,,盾牌+8,1,爱情鲜花+9,1,,
玉佩+6,1,盾牌+7,1,,,斗笠+8,1,,1,,
盾牌+6,1,盾牌+8,1,,,刷新卷,10,,,,
,,爱情鲜花+7,1,,,,,,,,
,,爱情鲜花+8,1,,,,,,,,
,,玉佩+7,1,,,,,,,,
,,玉佩+8,1,,,,,,,,
,,传音喇叭,1,,,,,,,,
